site,slope
#2743801,6.956853497610237e-05
#2735701,0.0004050720044118305
#2735201,-0.0010797333149281992
#2735302,-0.0012234942327454118
#1112803,0.000371458904006779
#660202,0.000246930567398506
#664702,-0.0005991926300700692
#1112522,0.0002916867227777363
#1112901,0.00027423354482315147
#655615,-0.0007274914691492475
#1112701,0.00023442510883532608
#656404,-0.0007868507189467827
#661601,-0.00022462176320013627
#662101,0.0006421352818509994
#663601,-0.0009235508217411764
#664701,-0.0008591654630125902
#660502,6.025146454013974e-05
#654902,-0.0008857659377386334
#664404,-0.00040200871303996445
#655504,-0.0007131260800234031
#663802,-0.0005982911040428134
#653403,0.00028376489637545535
#653703,0.000673854490375627
#662501,0.00011205939386378302
#1112801,0.00048661740817871127
#1112802,0.0003413342081809746
#1176,-0.001986968815138217
#1181,-0.0006299684889185149
#1049104,-0.0009020777331128181
#1043905,-0.0022876228548990383
#1050901,-0.0005163076727826392
#1052410,-0.0007370413940981813
#1051704,-0.0005343622380065208
#1043402,-0.001430477672740224
#1043807,-0.0020770865874204653
#1059106,-0.0007895473761964185
#948902,-0.001112614318107566
#1050104,-0.0004478164243293314
#1050602,-0.0005099263211360274
#1057501,-0.00042328790346696406
#1059401,-0.0005019770440062091
#1059402,-0.0004543475166082847
#1059601,-0.0003285848006336113
#1058502,-0.000613420105149325
#1043501,-0.0008577630961950772
#964301,-0.0008233054483607243
#1051909,-0.0005093641027382578
#1051105,-0.0006213610832333342
#1049602,-0.0008553036465886558
#1049306,-0.0009892780282015484
#1049801,-0.0006302357725626768
#1059107,-0.0005042836925006899
#1059302,-0.000532184144127798
#1051119,-0.0005801465981682304
#1051311,-0.001389129826046347
#1051406,-0.0008460272568896875
#1051703,-0.0003960411098385963
#1051808,-0.000298184919033332
#1057103,-0.0005412410639936624
#1058201,-0.0008273004041745218
#1058701,0.0006012495715847551
#2803601,-0.0013294729605014097
#2812402,-0.0005184485202525402
#2803901,-0.0005941741611812622
#2804702,-0.0007034736949022816
#628601,-0.0005993196393146837
#638701,-0.0019274650468665833
#638811,-0.0030409346500128442
#636602,-0.0009745000612422877
#644311,-0.0018074428351772254
#645201,-0.002129738892997099
#646601,-0.0007999355966509525
#646701,-0.0007698174266005803
#652101,0.00030193756701117624
#628701,-0.0005615837688906153
#638601,-0.0005946487810209317
#647205,-0.00033390617883683263
#1048302,-0.002049654707803642
#1038401,-0.00373649333183005
#1030505,-0.0004640487749928198
#1030701,-0.0014567815530457454
#1030802,-0.0010144148291144472
#1040502,-0.0012082550844818782
#1022404,-0.0010585277630441071
#1022602,-0.00023222279514922665
#1024901,0.00022873165708258564
#1029302,-0.0003573736124716665
#1031601,-0.0002776129566662046
#1031803,-0.0021085354039707977
#1032201,-0.00025181438233836274
#1032703,-0.0005813631471775996
#1036301,-0.002594037972351736
#1037403,-0.0013292775783444143
#1038101,-0.0023180722238365405
#1038201,-0.002394084418085543
#1038603,-0.002585108344835059
#1038703,-0.004297366219107751
#1039702,-0.004550081232813856
#1039901,-0.0034418675842155695
#1040301,-0.0006445936633994558
#1048603,-0.0017601391872133845
#1039801,-0.0035697000773603285
#1037601,-0.004498887123087285
#1022203,-0.0006739150871358235
#1028301,-0.0009626601217230021
#1046302,-0.002187475278013891
#1032601,-0.00034608929002486605
#1031201,-0.0008259099736340654
#1029201,-0.0006457681800505436
#1037301,-0.0006869061697182335
#1022302,-0.00012897190619228296
#1022801,-0.0007023556844403169
#1040402,-0.001725200674537769
#1029603,-0.0021005201403168083
#1004,-0.0007135584328799779
#993,-0.0007311934835521512
#998,-0.0011029104179057368
#1008,0.0002730290925332113
#987,-0.0018776186555477595
#984,-0.0009895886143629108
#2411805,0.00014526681050601106
#2434401,-0.0008548206386751189
#2433703,-0.0013487139091819186
#2428401,-0.0004520857837518946
#2418102,-0.0007420868519524976
#2419902,-0.0005799068728016658
#2426501,-0.0006391169200974968
#2419301,-0.0006287678806425542
#2426101,0.00041728512769071205
#2411803,-0.00031971750908377575
#2410702,-0.0004736408566721681
#2418601,0.00023427652678988803
#2427301,-0.00044584416423474466
#2540601,-0.0008978730686309104
#2418103,-0.0003888943261280871
#2410503,7.716717800637998e-05
#2320509,-0.00043956946850035906
#2330402,0.0007179090978746
#2321801,-0.0009631812032016088
#2315701,-0.0002832463856752773
#2314602,-0.0006463854231179931
#2314403,-0.0007566233329390562
#2320305,-0.0008394991677779101
#2329602,0.0007768248583364633
#2328901,-0.000642017354277661
#2312902,-0.0008912519292967377
#2330502,0.00041960108133876767
#2330901,0.0007262157822252105
#2320201,-0.0006788871118182313
#2328310,-0.0006903131385026587
#2321101,-0.0006874188413576489
#2313502,-0.0009343710337993607
#2312801,-0.0015492599590886062
#2336301,0.0006784921501621043
#2316501,-0.00037135502272121756
#2329302,8.61508930163693e-05
#254802,0.0021760908927561523
#2716605,-0.000510950440552581
#2801801,0.0008250030116001288
#2724704,0.00031920170914158364
#2817702,0.0013347061709577724
#2803402,-0.0010801649497332575
#2801504,-0.0003559457451788507
#2707901,-0.0013343126181380623
#2707801,-0.0007391902471639814
#2809602,0.002508124362880927
#2802501,-0.0006988450095371745
#2818201,-0.000473515757315213
#2825903,-0.0013510755630391027
#2818902,-0.002058534859016154
#2818801,0.0006600315641648571
#2715201,-0.0015483845192199794
#2708801,-0.0014029004731618104
#2827801,-0.00059878461243466
#2732601,0.001459938694850409
#2818301,0.0006414372623963806
#2716702,-0.0007986455136173665
#2716201,-0.0005076467776345996
#2708602,-0.0006927176251862975
#2732101,0.0016362939200761362
#2731804,-0.0011854132534043745
#2716202,-0.0008818834753538535
#1013305,-0.0019321004434798821
#753701,-0.0008774614712608181
#762301,-0.00016416252444985402
#1003902,-0.0007004150518754859
#1013104,-0.0013271726263361441
#752616,-0.0004038259199813741
#754702,-0.00037985155348665284
#754901,-0.00032078497544003187
#755701,-0.0010233922691361141
#759501,-0.00034972268319662103
#759602,-0.0005146318012576208
#760201,-0.00032566267318432165
#760901,-0.0005959582728123289
#761601,-0.0003681380705250169
#761802,-0.0012463704996257072
#762502,-0.0004347159746079035
#762823,-0.0008617421858680436
#763702,-0.0007393056739101993
#1003903,-0.0010643480684746007
#1004202,-0.0007811153665003342
#1004301,-0.0013627998535805236
#1004504,-0.0007058190114477697
#1005225,-0.0007775950496933092
#1005905,-0.002020768652642871
#1006101,-0.001318552917143728
#1006302,-0.0004934792342492084
#1006403,-0.001014678441466332
#1006602,0.0005055837484608822
#1006909,0.0002586596515621181
#1007805,-0.0002140315014108815
#1011802,-0.0003783399228339257
#1012203,-0.00010713431010183488
#1012302,-0.0008853300981850123
#1012504,-0.0021122166651583313
#1013404,-0.0009204642247306709
#1013806,-0.0006334483643417113
#1014513,0.0
#1014206,-0.0005956499128839318
#1013307,-0.0021976237171674306
#1004603,-0.0006524233844712787
#760302,-0.00034517153289254435
#1014901,0.0
#1021201,-0.001048518467330081
#1009401,-0.0002861864088116589
#1004901,-0.0004791108135990904
#759301,-0.0006356259813217226
#1002301,-0.0002508805944981419
#759802,-0.00046059459690254295
#760401,-0.0005337451073146246
#761902,-0.0016556489296112257
#1003201,-0.0006059511280475174
#1005502,-0.0021548621443516075
#1201306,-0.001073696366996179
#1211404,-0.0005774781096858778
#557101,-0.0007175578270062193
#1203904,-0.001376702421095544
#550502,0.0003349014605439375
#559403,-0.0006177837328975393
#1202813,-0.00047919538646030123
#1202931,-0.0009264609460666686
#664501,-0.0008807599660182255
#1202812,-0.0010002252527908087
#1108203,-0.0009770984476160241
#1203207,-0.00022369745891423468
#1210218,-0.0002847631152339174
#664811,-0.002441938091298718
#1108308,-0.0009270828436821333
#1203807,-0.0007107226232878831
#1201624,-0.0007556098450751322
#551801,-0.0002539171746150544
#1108201,-0.0011794549980349602
#1201102,-0.0008040057436793525
#1201206,-0.0006082757215106222
#1201301,-0.0010318346680886544
#1201617,-0.0005931789447030794
#1201904,-0.000783167669387106
#1211310,-0.0009790182253631551
#2313303,-0.00046451682774967425
#1160605,-0.0013464103377317394
#1153205,-0.00011338695456167801
#2304602,-0.0019456369754940143
#2304603,-0.0022529532480635994
#2305803,-0.0014159804306306187
#2306113,-0.0001724450648584938
#2308701,-0.0003939672482086154
#2313302,-0.0018313289584964768
#1161204,-0.0005315890595658512
#1146606,-0.0003134260989842777
#1146802,1.0180019368970228e-05
#1160804,-0.0014138119231541478
#1160502,-0.0010395075887416963
#2306303,0.00015633647076704338
#2306503,-0.0007268913566177756
#2306601,-0.0004838389248015499
#2307901,-0.000540757241089514
#2306704,-0.0011767518165272297
#2307501,-0.0004174760769359194
#2305301,-0.0007151710384917052
#1147703,-0.0003156124488323756
#1160302,-0.0014161907143724877
#1145806,0.00018420952055687827
#1154101,-1.9809891256557244e-05
#1155501,3.8796905644594704e-05
#1160902,-0.0016657588993803391
#1161406,-0.0013192530076197393
#1161801,-0.0008469403800960163
#1162301,7.852429235474453e-05
#1163801,0.000201947917188465
#2304802,-0.0018239368421443455
#2305202,-0.0014784760528151388
#2305602,-0.0006699420745796929
#2307404,-0.00030483753906771285
#2314101,-0.0006374350024289099
#2710109,-0.0019272786968223786
#2726203,-0.0005213696158831299
#2711701,-0.0007510230134532454
#2705922,-0.000503390259560746
#2704720,-0.0006959529983466689
#2709812,-0.0012474813320032738
#2703501,-0.0003681407399166482
#2712201,-0.00042349375340157425
#2728301,-0.0014582078733174795
#2720504,-0.0009878789404423726
#2719514,-0.001396480353698399
#2719804,-0.0005407884918177883
#2703901,-0.0003680623087557733
#2616305,-0.0002036890968960675
#2616202,-0.003603226008883763
#2717604,-0.005322822345305317
#2713711,-0.0010588821712184185
#2727517,-0.0027313947968520963
#2720305,-0.0004753028659645626
#2718611,-0.0019621834657123707
#2727801,-0.001446768595607037
#2721301,-0.0011206278191151341
#2711916,-0.0005428040269346325
#2353703,-0.0005045022267637046
#2859703,-0.0017079167352446352
#526501,5.130264575028937e-05
#527802,-0.0004003401729620673
#534204,-0.0002755759270550995
#551304,-0.00039404063112079626
#536102,-0.0001903043480037843
#550204,-0.000768510293002028
#551303,-0.00028823197988430554
#542201,6.798175793850053e-05
#552111,-0.00020919202269616529
#632803,-0.00044159488867413776
#640501,-0.00045153738064297673
#656306,-0.0008996796970588278
#551101,-0.00017627265795706892
#527703,-0.0007703987289335934
#543703,-0.0001775932377855432
#527102,-0.0007894104971908761
#536201,-0.0002483003720965063
#640306,0.0005575724599313076
#1151303,-0.0002521753180282707
#1149101,-0.0010327953468447035
#1149404,-0.0005996010442342482
#1149801,-0.000782442462114119
#1150203,-0.000615929352022343
#1150204,-0.0011995949788003602
#1150605,-0.0007618736426498948
#1151102,-0.0010449786899551228
#1151104,-0.0004909531271815749
#1151703,-0.0007613948618482025
#2302104,-0.0012002640689076985
#2302501,-0.001905695544646896
#2302901,-0.0014994554730413546
#2303201,-0.0003365808618462241
#1141602,-0.0004286705749620232
#1158103,-0.0012479629004661062
#2408301,-0.0010732569236425824
#2303802,-0.0018977971404727772
#1159202,-0.0014556880985338774
#1157202,-0.0007029111348416904
#1158205,-0.0009559222547858015
#2304701,-0.00021706668310044613
#2303304,-0.0005007884027650291
#1151403,-0.0005274051771627199
#1157401,-0.0006723154041328415
#1056602,-0.0011132874224378322
#1056801,-0.0008678123079492051
#1159404,-0.0017713381114191351
#1159503,-0.0006990319589560362
#2312102,-0.0011284013220109624
#336401,-0.0012911611260376585
#352702,0.00407485325139879
#352804,-0.0029646609099946357
#353201,-0.0015669253925301302
#354301,-0.0007240227584797218
#338401,-0.001150910357128375
#339901,-0.0020174924374034495
#344703,-0.0032471640237090598
#352402,0.007005812189050831
#353101,-0.0025018447264303877
#344504,0.012697905783235923
#345304,-0.002498562883990703
#263702,-0.0015025899823998268
#713601,-0.0022343925164937696
#715104,-0.0031012722567740378
#723102,0.006833348124410464
#702301,-0.003885365919195201
#707101,-0.0008147701732368617
#712401,-0.0009718661683860596
#711601,0.005142033693206416
#259802,-0.005775958067561935
#717201,-0.002144257108375145
#258803,-0.0030351465546534393
#514505,0.00024628383763938236
#504302,-0.00035264162184218484
#523601,-0.00015529257695685254
#531305,-0.0004550601098965504
#507301,-0.0001988180701071266
#521402,0.0003725139095854881
#505801,-0.00021337704913502488
#516901,-0.00010190253614533882
#2440403,-0.00048543724265015433
#2429901,-0.0007004269202888318
#2424402,-0.000435288146152641
#2430801,-0.0006761901873590173
#2437101,1.0250531909552704e-05
#2423305,-0.0006059427216341846
#2414601,-0.00037635972697601383
#2422201,-0.00022364269944468232
#2420202,-0.0003098450138257977
#2415802,-0.0005796453560142495
#2437502,-0.00019101983612110351
#2421702,-0.00041008860736121283
#2420901,-0.0008780907168020671
#2420102,-0.00038566805162581347
#2430901,-0.0004086098511975611
#2420701,-0.00025074429281032873
#2414701,-0.0010005681705601635
#2415701,-0.0006771627427895749
#2439901,-0.00039617105099632594
#2428203,0.0004464770541851284
#2439302,-0.00046167398027075965
#2844507,-0.003925910051756782
#2835301,-0.0027320214551310555
#2846401,-0.0003909219285508443
#2837401,0.001907942382602423
#605601,-0.0022919965405803905
#362805,-0.0009224343972647573
#391006000000000,0.0005918628008716453
#391622000000000,0.0010021756322867743
#391822000000000,-0.0004234192508415389
#391544000000000,0.0004151194125969057
#381716000000000,-0.00047983107562388043
#383458000000000,0.00025093070963339795
#383448000000000,-0.00037424991355413176
#383839000000000,0.00022890209660633232
#381444000000000,0.0008234636510680931
#373917000000000,-0.0002664385597834028
#380131000000000,0.00045861839765859767
#375759000000000,0.0003314746867370091
#374717000000000,0.0003837522644151998
#381701000000000,0.000521497185706371
#373529000000000,0.0007947446369139634
#381725000000000,0.0003290155970739438
#373233000000000,0.00018852973422828938
#374908000000000,0.0003837156920834067
#372408000000000,0.0006100794527050729
#374653000000000,0.00022518327407280037
#373202000000000,0.0004133101622132195
#375910000000000,0.0004807938352545941
#382319000000000,0.000684975016694445
#382601000000000,0.001099749293177136
#380036000000000,0.0004541552869455158
#380712000000000,0.000559424307245568
#375801000000000,0.0004794277446662496
#381456000000000,0.0008148963813605564
#381109000000000,0.0007643372529185534
#374323000000000,0.00025158765712315163
#380338000000000,0.0004648008339803312
#370958000000000,-0.0015733071744089624
#372802000000000,-0.0006437757978380113
#375331000000000,-0.0020885204085250002
#373702000000000,-0.00039381729210868747
#372214000000000,-0.0023396904590123804
#375719000000000,0.0005006587907469724
#370217000000000,-0.0004014259111615572
#380510000000000,0.004287287160216893
#374544000000000,-0.0009245310741757187
#370322000000000,-0.000334548103576901
#371306000000000,-0.0012588861606299215
#373054000000000,-0.001405979020406253
#371621000000000,-0.001774002039464738
#373701000000000,0.00031925108725285554
#375454000000000,-0.0009942163616403106
#380344000000000,-0.0016798001856483612
#373528000000000,-0.00036087444696777937
#380005000000000,0.00036238298994535666
#374826000000000,-0.0027764882105912325
#371026000000000,-0.0019558686738639156
#978,0.0017600443288845503
#979,0.00042980580102402674
#803,-0.0011501610040457102
#809,0.0005324336861223886
#811,-0.0009249950155049303
#874,-0.0015815584377846942
#1040,-0.0009530627533777866
#902,0.0014698374173096867
#886,0.0008971103822137047
#849,-0.0010608969599142024
#796,-0.0013442172807626006
#797,0.0023632658389735857
#801,-0.0007884725446263372
#952,0.000948623108271115
#818,-0.001755742433290972
#1017,-0.001191246238482848
#752,-0.0003735454528080223
#840,-0.0006029996347904215
#821,0.004236045059188554
#881,-0.0010141810736578882
#1024,0.002378290972217146
#1035,-0.0016890567434115489
#866,0.0009026138754296507
#868,-0.0008954899007645291
#876,-0.00043310721244473396
#879,-0.0005081064308431358
#893,-0.0003663916669867581
#843,-0.0009316609704835693
#954,0.0001630165881173154
#949,0.0006885813030110692
#756,-0.00046827357414491906
#390740000000000,0.0001729791786587
#2406402,0.00039166807979738524
#2414301,0.0006953911069705037
#1053608,-0.0010277387670582436
#1055705,-0.0025355744606736647
#1055802,-0.001928854523307209
#1062603,-0.0005574708270864835
#1063601,-0.001091065614202696
#2414101,0.0003016525348398234
#1045702,-0.0007575044087614344
#2407101,-0.0003043803560212957
#1052601,-0.0007198728409912735
#1063801,-0.0003722241731830174
#1061201,-0.001571096411058414
#1045402,-0.0027753265686949607
#1046601,-0.0010461909336759393
#1053602,-0.0008762916203456123
#2408402,-0.0001956630306779927
#1062402,-0.0008611252442969133
#2405502,0.00024496792948817785
#2405102,-0.00039098089000031734
#1056403,-0.0009553958081027717
#1054301,-0.0015620525531342602
#2406102,0.00032283386782418905
#341010000000000,-0.0008989172148894159
#1052509,-0.0002565014431427839
#1052813,-0.00046679498818007117
#1053101,-0.0014121426325243332
#1054205,-0.0029768254262272104
#1054404,-0.0018659317567960715
#1055406,-0.001828016700160636
#1052406,-0.0010494820920066393
#1054801,-0.0008806286100066559
#1055902,-0.0013965534877592861
#1060604,-0.0005298586699699305
#1061105,-0.0013113565250643944
#1062210,-0.0018340152503776627
#1061107,-0.00045869720484934505
#766,-0.00013861586336518048
#783,-0.00041276823448476146
#782,0.00013133587345573808
#765,-0.0001851627143539484
#777,-0.00017633833573286887
#778,-0.00023935571270903514
#779,-0.0002795719736799849
#780,-0.0002431468478324159
#439401,-0.0021620993516119
#440501,0.0016508558904149324
#448103,0.008370172121500458
#2327207,-0.0006997802426578423
#2317901,0.0006967396223214071
#2311801,-0.00047134893178469445
#2312401,-0.0004134874653833054
#2325401,0.0003328675600316605
#2319304,-0.0010237694808029
#2320401,-0.0007877756765825444
#2320805,-0.00048172910030035154
#2326301,-0.000358923489380502
#2328203,-0.00036902242342054525
#2336201,-0.00038300310569102
#2312402,-0.0015375858080754132
#2334402,-0.000269295648895225
#2317704,-0.00012782334394241708
#2327211,-0.0007119698083308621
#2319601,-0.0008455882671113326
#2312803,-0.0015624039607688139
#2311601,-0.0003290417144508045
#2416901,0.00013572271161681887
#2327601,-0.0008387377979281081
#2327603,-0.000593770723316369
#2317406,0.00030212366174656516
#2325803,0.0009448015119598221
#2326207,-0.00031905040454726155
#2424301,0.00013890046264856612
#2440603,0.0002229452911551577
#2352803,-0.0008614450366812251
#2350506,-0.0011865439972655618
#2342601,-0.0011807450816115157
#2343301,-0.0012723461998624544
#2341501,-0.000841040328335995
#2334903,-0.00037115759406383675
#2357705,-0.0011562971824914201
#2343901,-0.0009711550446718439
#2342301,-0.00023914983529032055
#2352101,-0.0016952018672010145
#2349801,0.0003680156193853444
#2349101,-0.0006103074120962755
#2708301,-0.0003910729447308466
#2341902,-0.0009705559592010152
#2341901,-0.000735154807316063
#2341402,-0.0005028034588470537
#2352701,-0.0007802662905303536
#2456501,-0.0009400267063488525
#2344702,-0.0010474770199522324
#2335801,0.0001787351276528867
#2802102,-0.0007821376235901695
#2335704,-0.0006697472744541166
#2448302,-0.000551723936467876
#2341401,-0.0006012179277792608
#2358503,-0.0018334539910782994
#2341302,-0.00030155510764049917
#2341301,-0.0009598438022127877
#2343502,-0.00022204358247629626
#2748904,-0.0030206403202635316
#2756202,-0.0015029396765601152
#2851701,-0.0015773815824543305
#2858103,-0.0009971196379994084
#2849402,-0.0016392163276334644
#2825901,-0.0007454948217042047
#2858304,-0.00354957238932457
#2842705,0.0003076372207946026
#2825801,-0.0009555984297691051
#2739903,-0.00029387196367295065
#2827704,0.0007611611313377382
#2850504,0.0004961468779980938
#2747307,-0.00042968266995933304
#2849202,-0.009523586601310311
#2858102,-0.0014843920639550246
#2764602,-0.002836963939350401
#2764901,0.00012813555085919043
#4515201,0.001065541864962164
#4507421,9.33253262410047e-05
#357501,-0.0029330778707547245
#610102,-0.0008192757026174655
#359809,-0.001416911109752254
#601603,-0.0014807818499312786
#609401,-0.0002484402655311066
#708702,0.0032478308124260884
#602903,-0.0011656112012241975
#411739000000000,0.0004546000354871413
#405632000000000,0.0005914464141282926
#402946000000000,0.0005291797476115918
#410943000000000,-8.619232586881577e-05
#414413000000000,0.0001959009222106084
#413253000000000,0.0003270320636146966
#413455000000000,-0.0003486661917352649
#413813000000000,0.0031117311458702343
#415532000000000,0.0003462668360352447
#420530000000000,-0.0009468473531953683
#422849000000000,0.0003921446759691102
#423148000000000,0.0011587717993518213
#423730000000000,0.0008984769255184184
#405129000000000,0.0002225189296068558
#404513000000000,0.0015214319151084996
#404618000000000,0.0003384907865252671
#405445000000000,-7.656421110758784e-05
#405744000000000,0.0002936684089217649
#410312000000000,-0.00031608928524971055
#410102000000000,0.0003990461176762652
#403903000000000,0.0004864951417088738
#403309000000000,0.0006795222263729025
#403326000000000,0.0006380221037042624
#405921000000000,0.001007197563901306
#410538000000000,0.0009543845482451506
#413324000000000,0.00022476051094559455
#411817000000000,0.0002662513898193296
#410154000000000,0.0004604908531579818
#404129000000000,0.00048407407488379635
#420904000000000,-0.0004484835824135113
#421210000000000,-0.0004962479474012545
#421505000000000,-0.0007532387010875265
#422150000000000,-0.0001857011402154556
#410836000000000,0.0003281022937514442
#411738000000000,0.0003401637363944812
#421519000000000,0.0006974371217637846
#411711000000000,0.0011380719775499924
#404717000000000,-0.00018805285326242629
#405315000000000,0.0008495768638466931
#415559000000000,0.00025340662300558204
#405406000000000,0.001252822275653462
#400155000000000,9.588978811766877e-05
#405732000000000,0.0007630444070739701
#410250000000000,0.00022126159495622182
#403855000000000,0.0007632482284327252
#404001000000000,0.0004765438714212783
#404949000000000,-0.0003723916124528087
#401919000000000,-0.00015508326821149845
#410618000000000,0.0005405016218918318
#420500000000000,0.0007675080516549508
#405305000000000,0.0009121388233516489
#401837000000000,0.0007809407328871589
#403952000000000,0.000683859700846173
#414518000000000,0.00023610013554694963
#413156000000000,0.0016846557617553406
#413216000000000,0.0010563243692514204
#405137000000000,0.00022921498132359372
#402236000000000,0.00041697506704937645
#402103000000000,0.0005811936473263408
#413549000000000,0.0015836224965714444
#3E+14,0.004164019889832113
#451501,-0.0019871389686848804
#348906,0.0010791723082534187
#442102,-0.0013459363129478125
#340904,-0.001041374488028754
#452101,-0.0009821465173383134
#450201,-0.0007683866717649104
#436501,0.0079341933237642
#442201,-0.005122756546471217
#348601,0.012530911127562563
#441105,-0.00334779492274484
#443402,-0.0027007572899916156
#1771,-0.0020339815170190845
#5385,0.00030244098609612984
#5600,-0.001115673842780579
#2644,-0.00010726223785560517
#3348,0.00017688244452865667
#1675,-0.0009275679010911216
#2325,-0.00018692608127752946
#1421,-0.0007791203502064735
#1354,-0.0021070978109018704
#1316,-0.0021436517790358114
#14,0.00019349649242252808
#1246,-0.0010772891875261447
#1362,-0.0019990511177845308
#1536,-0.0008392520213009059
#3257,-0.0006863151622274557
#754404,-0.00045950773648402617
#1034404,-0.002282052541002298
#1042202,-0.0006306025824285178
#1035603,-0.0014778831258782429
#1044204,-0.0015776117919433959
#1017804,-0.0011757005244047505
#1018602,0.00021529268894051636
#1019802,-0.0003282883683608309
#1026603,-0.0009068269139990738
#1033902,-0.001062283480406911
#1034102,-0.0018634816017709145
#1035802,-0.0012902759866984404
#1036602,-0.001259926686929187
#1036703,-0.000748884871601456
#1042104,-0.0006436924932157664
#1042302,-0.0006975741745470308
#1042506,-0.002566536835670017
#1019602,-0.0010135698924248742
#1026502,-0.0008873908217300296
#1026802,-0.00151866737377504
#1027104,-0.0009468620864589751
#1028103,-0.0020010770997401298
#1028501,-0.002148523187580586
#1033803,-0.0006000442681692204
#1034403,-0.0008966204022426566
#1034603,-0.0014150399215184847
#1018204,0.0001271109060087816
#1019301,0.00039382664220419597
#1020201,-0.0001823704740170854
#1026102,-0.0005405143889771098
#1035306,-0.0031627894137387716
#1044203,-0.0010942116324300834
#1020402,-0.0005639084024065891
#1036102,-0.0018040170319173852
#1034802,-0.000745882891940948
#1027501,-0.0014131886520004633
#1025402,0.00012782307728827907
#940201,-0.0006780759172903775
#1041209,-0.0008003417130463854
#1041403,-0.0006298510592835128
#1028202,-0.0007488297824975593
#1018504,5.8831001293334004e-05
#1033802,-0.000773935455967139
#1025301,6.201826333695169e-05
#1033103,-0.000468260611992434
#503,-0.0009601789887170782
#514,-0.001133918876236234
#1075,-0.0009791145159695445
#1058,-0.0011834918981889165
#463,-0.0010170553827636587
#464,-0.0011197984392009065
#465,-0.001086509370359607
#467,-0.0014377987330058527
#468,-0.001436454779243125
#470,-0.0008114414886537021
#472,-0.0015264280213616865
#473,-0.001997471925452396
#475,-0.0012325687972349897
#469,-0.0017183150920768407
#439,-0.0012058686398531597
#481,-0.001215480104151719
#483,-0.0009505547391183847
#486,-0.0010175441279023914
#438,-0.001345969736583164
#440,-0.0008256541626952361
#441,-0.00042968620563040624
#437,-0.0018514791349508574
#442,-0.0008701778179574828
#443,-0.001953796612782551
#445,-0.0016654294422696666
#446,-0.0022485720357578037
#449,-0.0010100278502859165
#452,-0.0009403593175395224
#457,-0.000731470213229583
#460,-0.0011084425385363373
#1072,-0.0010971649824894
#1067,-0.0010753099744806455
#454,-0.0010843916023992439
#462,-0.001323744866275998
#1057,-0.0009010564442011801
#471,-0.0007761419735408774
#1066,-0.0016254923123221274
#453,-0.001298105887395538
#455,-0.0009916726889912268
#456,-0.001302578610914762
#1073,-0.0009303654948386187
#494,-0.0009603437612989204
#1074,-0.0012924712718142056
#1068,-0.000796246072367883
#479,-0.0006248279221893974
#756307,-0.0005304030638236673
#756501,-0.0006673180053430039
#625501,-0.00019211033781947953
#962,0.0004976134268379773
#657535,-0.00034879927598761157
#658601,-0.0003266061101151643
#659307,-0.0006041048574654994
#657716,-0.00029133582530505714
#763301,-0.00023954329454269584
#764202,-0.00023200060824130064
#764422,-0.0003095842298929258
#764507,-0.00029964431653468557
#1109838,9.74006376103162e-05
#1007301,-0.00013559160616606267
#1008405,-0.00016407827865106556
#1101802,-0.00020613084403372638
#1109601,7.781953488995158e-05
#1110402,3.469446951953614e-18
#1110506,7.770036577963227e-05
#1110512,9.242477047401165e-06
#657202,-0.00022216618223609014
#1111927,0.0001461789566530279
#658403,-0.00041252673319604194
#1111801,0.00011022957996582872
#1111709,0.00031738224170145806
#608201,-0.0007268939929274132
#608501,-0.0002876575900402252
#460801,4.412866612669292e-05
#520203,9.218679435027561e-05
#364502,-0.001320385596693896
#511901,-0.0003406631405043839
#459701,0.0001777631697795455
#418,-0.000947317954588689
#419,-0.000782389542678126
#422,-0.0009592717226134771
#1012,-0.0004291280509116594
#417,-0.0006789913503840415
#429,-0.0006292681250484652
#430,0.00022266662337300062
#431,-0.0009960397501220658
#433,0.000609858157189223
#247609,-0.0014408726205113395
#248901,-0.0022558395207280396
#256601,-0.003157998068569312
#256709,-0.002254979481125321
#333101,-0.0015783903379049634
#333504,-0.0034056704017012274
#341801,-0.0011731370863515712
#335903,0.0026695102220914346
#255301,-0.0025245233672553866
#248102,-0.003776784770075153
#335101,-0.0030871301285065873
#256201,-0.001597520277351675
#349401,-0.0015952051849488936
#350601,-0.0034977493409179966
#357602,-0.005999024678222434
#4E+14,0.0002893021129724572
#1135209,-0.00023337942746295276
#1117105,0.00031149209325384564
#1133201,-0.00040738326662171503
#1133502,-0.0008462465582232473
#1134601,-0.00025203656975753344
#1134801,-0.0008603217170492609
#1134807,-0.00038509694817524115
#1135305,-0.0002715518451592916
#1142505,-0.000744937765312011
#1125403,-0.00037967821932784196
#1136801,0.0006451977726602918
#1137112,-9.739292135755792e-05
#1143306,-0.000330956380252663
#1143501,-0.00030342774654988636
#1144401,-0.00041988969301139795
#1136402,0.00013638480649941914
#1133103,-0.0017566207168196474
#1128501,-0.00020403309582583615
#1141404,-0.0013743436981510909
#1126403,0.0
#1126501,-0.00021328475448067694
#1126508,-0.0001745916381869668
#2462901,-0.00021644941599443385
#2463202,-0.0018610050499583853
#2707201,-0.0002461765886149943
#2705101,-0.000394123388267352
#2707301,-0.0008515028722028278
#2705201,-0.0012018713013674798
#2447301,-0.0008992776433413303
#2462701,-0.0005508866522901945
#2463201,-0.0007836175009893883
#2447601,-0.0005327290763182391
#2440701,0.0014972535545052824
#2447402,-0.001535943607295918
#2446303,-0.0009908288994128715
#2445602,-0.00036778906161597305
#2445501,-0.0005953712834426139
#2462601,-0.00027454560258377683
#2460302,-0.0011350031133964752
#2445902,-0.0007339227559868648
#2454301,-0.00031226286556433613
#2464101,-0.0006821395866769531
#2439904,-0.0007424643833474198
#2447501,-0.0005486515535006072
#2447201,-0.0006845794205953548
#2446802,0.0001232460041178489
#2456403,-0.001036492564739423
#2454101,-0.00022653050795800808
#2453902,-0.0002445686401327078
#2453901,-0.00017687671714801748
#347,-0.003253212418223711
#637,-0.0003700373987652809
#650,-0.00038570296017207545
#631,-0.00021453021341402527
#632,-0.00047244474888988655
#394,-0.000848624454746116
#654,-0.0009300095617328849
#655,-0.0008237966327531918
#741,-0.0008221500794309833
#398,-0.0026705589026346614
#698,-0.0006124749574766054
#699,-0.0006820561525898768
#700,-0.0006433500476274289
#651,-0.0009036801525057689
#737,-0.00047141863070720384
#740,-0.000800793471921599
#660,0.0007264183518537626
#405,-0.001806924084366814
#739,-0.0006513770821549793
#539408,-0.00021913618441806522
#544305,-0.000143565003531472
#553102,-0.0005937378343183645
#545305,-0.00035726111209952345
#538408,-0.0007087511046542424
#2449303,-0.00031836398085149237
#2459301,-0.0010792752027070605
#2451602,-0.0013569723386127833
#2449101,-0.0002920196741521622
#2458601,-0.001172735722978411
#2457502,-0.0006494335857991848
#2459801,-0.0005880937664728622
#2556901,0.0009025861585524479
#2451701,-0.002131827115543867
#2556201,0.0017958385216600044
#2459201,-0.0009328366158976413
#2458101,-0.0007309814579419746
#2457802,-0.000816779412152302
#2449702,0.001761000546501381
#2450801,-0.00025297296007102676
#2443403,0.00046654016871229857
#2459101,-0.0003337192510792855
#2451201,-0.0004166180400678398
#2443501,-0.0005424304578630426
#2441804,-0.0009023834401084598
#2556502,-0.0003297180313704195
#2704101,-0.0010195701988412569
#2450402,-0.0013771206313939882
#2548601,-0.0010294184363540543
#2548301,-0.0012091814267741127
#2450203,7.64669419122399e-05
#2449203,-0.000958255665839361
#2457501,-0.0015845293274188259
#2457301,-0.0006919438557880901
#598,-0.0010717809870382866
#674,-0.000639514611015188
#607,-0.001347041752676706
#608,-0.0012424514874144416
#730,-0.0004010272985064114
#731,-0.000962091895371409
#733,-0.0009076099250444579
#734,-0.0006913929868320907
#707,-0.00020439431087126633
#599,-0.0007759630979240571
#600,0.0022091946761918
#601,-0.0014848626415119668
#604,-0.0012696483580557152
#606,-0.0009875723277499946
#596,-0.0005028763697274875
#605,-0.0007121995603571862
#615,-0.0018195485725628659
#609,-0.0012306529880668745
#610,-0.0012584313170454463
#612,-0.0011038584980803384
#623,-0.0014342743641888814
#675,-0.0006755503453718956
#718,-0.0007278600855159575
#580,-0.0014961699928681769
#688,-0.0003445044669674619
#696,-0.0013297839065226288
#703,0.000450328034259412
#705,-0.00030985248611709016
#721,-0.00056108667820951
#724,-0.0008418143395518716
#725,-0.0010043400860991012
#728,-0.0005616754938326468
#620,-0.0017518177348758018
#625,-0.0005673110933614271
#1076,-0.0007831626145507233
#576,-0.00117308598030015
#577,-0.0006169799393163315
#578,-0.0017200211670790671
#617,-0.0012861261699551587
#618,-0.0017410044391723565
#621,-0.0018773516383884777
#683,-0.0006595913682214275
#680,-0.0005237526877196353
#684,-0.0005755800226278987
#722,-0.0007902320042219527
#723,-0.0006217248534687685
#671,0.00021932906516176562
#704,-0.000280511784241844
#590,-0.0007428993478710896
#592,-0.0005235030484993762
#593,-0.000969069321979257
#594,-0.001116736353028276
#529,-0.000699149883651285
#591,-0.0008823376672136025
#559,-0.0015694124532485863
#560,-0.0012357659475792648
#561,-0.0008683249166154348
#565,-0.0007595160090448439
#566,-0.0007436017894479046
#568,-0.001079652534461406
#569,-0.00042146743232995745
#1082,-0.0014991389092443444
#537,-0.0009982753045092024
#540,-0.0013712566298270338
#544,-0.0007063094529491708
#545,-0.0010153631830532844
#546,0.00028020997622358766
#547,-0.0016667299540991344
#548,-0.0017561152798354872
#551,-0.001262468828280656
#552,-0.0008620604997822308
#553,-0.00046514731462045725
#554,-0.0013083513835866595
#557,-0.0008512171992180679
#538,-0.001152772360622418
#542,-0.0003415537927049638
#549,-0.0010886842793322972
#570,-0.0010343381793960337
#517,-0.002845878174865679
#358,-0.0009200526552707138
#362,-0.0010153779963445707
#382,-0.0014320299148109054
#379,-0.0016074316919350556
#386,-0.002330706177131908
#589,-0.0015660940462815572
#585,-0.001142290823860143
#586,-0.0009814169834949514
#519,-0.005373585421293077
#522,-0.0004706895975739086
#524,-0.0010463510667453706
#525,-0.0010138869281685003
#526,-0.0007065058672530732
#574,-0.000237180421016581
#575,-0.001701433078358715
#583,-0.0007899377165957425
#530,-0.0012878938670838396
#531,-0.0012439899117042226
#532,-0.0009787970692534433
#533,-0.0011121760899771016
#539,-0.0017678668978732895
#1079,-0.0009748727252439238
